GROUP,PACKAGE,CLASS,INSTRUCTION_MISSED,INSTRUCTION_COVERED,BRANCH_MISSED,BRANCH_COVERED,LINE_MISSED,LINE_COVERED,COMPLEXITY_MISSED,COMPLEXITY_COVERED,METHOD_MISSED,METHOD_COVERED
zdms-jacoco-aggregated-reports/zdms,com.zoetis.zdms.rest,CustomerLookupController,13,9,0,0,3,1,1,1,1,1
zdms-jacoco-aggregated-reports/zdms,com.zoetis.zdms.rest,UserController,12,9,0,0,3,1,1,1,1,1
zdms-jacoco-aggregated-reports/zdms,com.zoetis.zdms.rest,AuditController,50,18,0,0,11,1,1,1,1,1
zdms-jacoco-aggregated-reports/zdms,com.zoetis.zdms.rest,SourceSystemController,12,9,0,0,3,1,1,1,1,1
zdms-jacoco-aggregated-reports/zdms,com.zoetis.zdms.rest,DictionaryController,54,12,0,0,10,1,1,1,1,1
zdms-jacoco-aggregated-reports/zdms,com.zoetis.zdms.rest,ProductController,120,24,0,0,23,1,4,1,4,1
zdms-jacoco-aggregated-reports/zdms,com.zoetis.zdms.rest,CustomerController,84,27,0,0,18,1,3,1,3,1
zdms-jacoco-aggregated-reports/zdms,com.zoetis.zdms.model.dictionary.localized.customertype,QLocalizedCustomerTypeId,18,39,0,0,2,7,1,3,1,3
zdms-jacoco-aggregated-reports/zdms,com.zoetis.zdms.model.dictionary.localized.customertype,QLocalizedCustomerType,25,39,1,1,6,8,4,3,3,3
zdms-jacoco-aggregated-reports/zdms,com.zoetis.zdms.model.dictionary.localized.customertype,LocalizedCustomerTypeId,18,0,0,0,4,0,4,0,4,0
zdms-jacoco-aggregated-reports/zdms,com.zoetis.zdms.model.dictionary.localized.customertype,LocalizedCustomerType,130,0,22,0,5,0,22,0,11,0
zdms-jacoco-aggregated-reports/zdms,com.zoetis.zdms.model.dictionary.localized.errorcode,LocalizedErrorCode,130,0,22,0,5,0,22,0,11,0
zdms-jacoco-aggregated-reports/zdms,com.zoetis.zdms.model.dictionary.localized.errorcode,LocalizedErrorCodeId,18,0,0,0,4,0,4,0,4,0
zdms-jacoco-aggregated-reports/zdms,com.zoetis.zdms.model.dictionary.localized.errorcode,QLocalizedErrorCode,25,39,1,1,6,8,4,3,3,3
zdms-jacoco-aggregated-reports/zdms,com.zoetis.zdms.model.dictionary.localized.errorcode,QLocalizedErrorCodeId,18,39,0,0,2,7,1,3,1,3
zdms-jacoco-aggregated-reports/zdms,com.zoetis.zdms.model.dictionary,Availability,3,67,0,0,1,6,1,2,1,2
zdms-jacoco-aggregated-reports/zdms,com.zoetis.zdms.model.dictionary,ErrorCode,0,81,0,0,0,8,0,3,0,3
zdms-jacoco-aggregated-reports/zdms,com.zoetis.zdms.model.dictionary,CustomerStatus,3,45,0,0,1,4,1,2,1,2
zdms-jacoco-aggregated-reports/zdms,com.zoetis.zdms.model.dictionary,RejectionReason,0,59,0,0,0,6,0,3,0,3
zdms-jacoco-aggregated-reports/zdms,com.zoetis.zdms.model.dictionary,CustomerState,3,34,0,0,1,3,1,2,1,2
zdms-jacoco-aggregated-reports/zdms,com.zoetis.zdms.model.dictionary,AccountType,3,122,0,0,1,11,1,2,1,2
zdms-jacoco-aggregated-reports/zdms,com.zoetis.zdms.model.dictionary,BooleanValue,3,34,0,0,1,3,1,2,1,2
zdms-jacoco-aggregated-reports/zdms,com.zoetis.zdms.model.dictionary,Language,0,26,0,0,0,3,0,3,0,3
zdms-jacoco-aggregated-reports/zdms,com.zoetis.zdms.model.dictionary,DataSet,3,34,0,0,1,3,1,2,1,2
zdms-jacoco-aggregated-reports/zdms,com.zoetis.zdms.model.dictionary,CustomerType,3,45,0,0,1,4,1,2,1,2
zdms-jacoco-aggregated-reports/zdms,com.zoetis.zdms.exception.status,ErrorMessage,0,125,0,0,0,12,0,3,0,3
zdms-jacoco-aggregated-reports/zdms,com.zoetis.zdms.service.impl.factory,PageFactory,0,536,0,6,0,39,0,10,0,7
zdms-jacoco-aggregated-reports/zdms,com.zoetis.zdms.service.impl.factory,FieldPredicateExpressionFactory.FieldType,0,64,0,0,0,2,0,1,0,1
zdms-jacoco-aggregated-reports/zdms,com.zoetis.zdms.service.impl.factory,FieldPredicateExpressionFactory,187,95,16,0,33,34,17,8,9,8
zdms-jacoco-aggregated-reports/zdms,com.zoetis.zdms.service.impl.factory,PredicateFactory,95,271,0,0,23,39,5,3,5,3
zdms-jacoco-aggregated-reports/zdms,com.zoetis.zdms.service.impl.factory,FieldPredicateExpressionFactory.FieldPredicateExpressionFactoryBuilder,14,49,0,0,0,1,1,8,1,8
zdms-jacoco-aggregated-reports/zdms,com.zoetis.zdms.model.dictionary.pageparameter.search,SearchBy,164,0,30,0,5,0,26,0,11,0
zdms-jacoco-aggregated-reports/zdms,com.zoetis.zdms.model.dictionary.pageparameter.search,SearchByOperation,37,0,0,0,4,0,3,0,3,0
zdms-jacoco-aggregated-reports/zdms,com.zoetis.zdms.model.dictionary.pageparameter.search,SearchByField.Audit,3,67,0,0,1,6,1,2,1,2
zdms-jacoco-aggregated-reports/zdms,com.zoetis.zdms.model.dictionary.pageparameter.search,SearchByField.Customer,3,111,0,0,1,10,1,2,1,2
zdms-jacoco-aggregated-reports/zdms,com.zoetis.zdms.model.dictionary.pageparameter.search,SearchByField.Product,3,100,0,0,1,9,1,2,1,2
zdms-jacoco-aggregated-reports/zdms,com.zoetis.zdms.exception,ProductStatusNotFound,9,0,0,0,3,0,2,0,2,0
zdms-jacoco-aggregated-reports/zdms,com.zoetis.zdms.exception,UploadMediaFileException,9,0,0,0,3,0,2,0,2,0
zdms-jacoco-aggregated-reports/zdms,com.zoetis.zdms.exception,IllegalParametersException,9,0,0,0,3,0,2,0,2,0
zdms-jacoco-aggregated-reports/zdms,com.zoetis.zdms.exception,CustomerNotFoundException,9,0,0,0,3,0,2,0,2,0
zdms-jacoco-aggregated-reports/zdms,com.zoetis.zdms.exception,IncorrectFreeTextValueException,9,0,0,0,3,0,2,0,2,0
zdms-jacoco-aggregated-reports/zdms,com.zoetis.zdms.exception,ProductNotFoundException,9,0,0,0,3,0,2,0,2,0
zdms-jacoco-aggregated-reports/zdms,com.zoetis.zdms.exception,CustomerLookupNotFoundException,0,9,0,0,0,3,0,2,0,2
zdms-jacoco-aggregated-reports/zdms,com.zoetis.zdms.exception,MissingUserAttribute,9,0,0,0,3,0,2,0,2,0
zdms-jacoco-aggregated-reports/zdms,com.zoetis.zdms.model.view,ProductView,648,98,134,0,9,10,95,11,28,11
zdms-jacoco-aggregated-reports/zdms,com.zoetis.zdms.model.view,CustomerLookupView,519,95,110,0,3,13,74,14,19,14
zdms-jacoco-aggregated-reports/zdms,com.zoetis.zdms.model.view,QProductView,186,99,0,0,4,19,2,2,2,2
zdms-jacoco-aggregated-reports/zdms,com.zoetis.zdms.model.view,CustomerView,720,114,149,1,9,12,105,13,30,13
zdms-jacoco-aggregated-reports/zdms,com.zoetis.zdms.model.view,QCustomerLookupView,121,0,2,0,25,0,7,0,6,0
zdms-jacoco-aggregated-reports/zdms,com.zoetis.zdms.model.view,QCustomerView,202,107,0,0,4,21,2,2,2,2
zdms-jacoco-aggregated-reports/zdms,com.zoetis.zdms.service.impl,ProductServiceImpl,632,28,12,0,118,2,40,2,34,2
zdms-jacoco-aggregated-reports/zdms,com.zoetis.zdms.service.impl,AuditServiceImpl,118,16,2,0,10,2,3,2,2,2
zdms-jacoco-aggregated-reports/zdms,com.zoetis.zdms.service.impl,CustomerServiceImpl,117,118,1,1,22,11,7,4,6,4
zdms-jacoco-aggregated-reports/zdms,com.zoetis.zdms.service.impl,UserServiceImpl,25,21,0,0,6,7,2,3,2,3
zdms-jacoco-aggregated-reports/zdms,com.zoetis.zdms.service.impl,SourceSystemImpl,16,10,0,0,5,2,1,2,1,2
zdms-jacoco-aggregated-reports/zdms,com.zoetis.zdms.service.impl,MediaFileServiceImpl,49,7,0,0,13,2,4,2,4,2
zdms-jacoco-aggregated-reports/zdms,com.zoetis.zdms.service.impl,DictionaryServiceImpl,136,28,0,0,27,2,7,2,7,2
zdms-jacoco-aggregated-reports/zdms,com.zoetis.zdms.exception.common,NotFoundException,5,4,0,0,1,2,1,1,1,1
zdms-jacoco-aggregated-reports/zdms,com.zoetis.zdms.exception.common,BadRequestException,0,9,0,0,0,3,0,2,0,2
zdms-jacoco-aggregated-reports/zdms,com.zoetis.zdms.exception.common,InternalServerException,18,0,0,0,6,0,4,0,4,0
zdms-jacoco-aggregated-reports/zdms,com.zoetis.zdms.exception.common,UniqueException,9,0,0,0,3,0,2,0,2,0
zdms-jacoco-aggregated-reports/zdms,com.zoetis.zdms.exception.common,ForbiddenException,9,0,0,0,3,0,2,0,2,0
zdms-jacoco-aggregated-reports/zdms,com.zoetis.zdms.model,QContactDetails,69,0,0,0,10,0,4,0,4,0
zdms-jacoco-aggregated-reports/zdms,com.zoetis.zdms.model,CustomerStatus,395,43,78,0,11,1,62,2,23,2
zdms-jacoco-aggregated-reports/zdms,com.zoetis.zdms.model,QSourceSystem,31,65,0,0,2,9,1,3,1,3
zdms-jacoco-aggregated-reports/zdms,com.zoetis.zdms.model,QAddress,32,67,0,0,2,10,1,3,1,3
zdms-jacoco-aggregated-reports/zdms,com.zoetis.zdms.model,ProductMediaFile,95,3,0,0,10,1,18,1,18,1
zdms-jacoco-aggregated-reports/zdms,com.zoetis.zdms.model,QProduct,76,155,0,0,2,17,1,3,1,3
zdms-jacoco-aggregated-reports/zdms,com.zoetis.zdms.model,ContactDetails,146,28,30,0,2,4,23,5,8,5
zdms-jacoco-aggregated-reports/zdms,com.zoetis.zdms.model,QCustomerStatus,18,89,0,2,4,17,2,5,2,4
zdms-jacoco-aggregated-reports/zdms,com.zoetis.zdms.model,User,135,36,30,0,0,5,21,6,6,6
zdms-jacoco-aggregated-reports/zdms,com.zoetis.zdms.model,CustomerPartial,155,0,30,0,4,0,26,0,11,0
zdms-jacoco-aggregated-reports/zdms,com.zoetis.zdms.model,QProductStatus,20,125,2,2,4,22,4,4,2,4
zdms-jacoco-aggregated-reports/zdms,com.zoetis.zdms.model,Address,220,42,46,0,2,6,33,7,10,7
zdms-jacoco-aggregated-reports/zdms,com.zoetis.zdms.model,Customer,635,67,126,0,17,1,98,2,35,2
zdms-jacoco-aggregated-reports/zdms,com.zoetis.zdms.model,Audit,260,46,54,0,3,6,39,7,12,7
zdms-jacoco-aggregated-reports/zdms,com.zoetis.zdms.model,QProductMediaFile,25,76,1,1,6,14,4,3,3,3
zdms-jacoco-aggregated-reports/zdms,com.zoetis.zdms.model,ProductStatus,164,0,0,0,17,0,31,0,31,0
zdms-jacoco-aggregated-reports/zdms,com.zoetis.zdms.model,Product,142,0,0,0,15,0,27,0,27,0
zdms-jacoco-aggregated-reports/zdms,com.zoetis.zdms.model,SourceSystem,54,0,0,0,7,0,11,0,11,0
zdms-jacoco-aggregated-reports/zdms,com.zoetis.zdms.model,QAudit,76,44,0,0,4,9,2,2,2,2
zdms-jacoco-aggregated-reports/zdms,com.zoetis.zdms.model,ProductPartial,315,0,62,0,8,0,50,0,19,0
zdms-jacoco-aggregated-reports/zdms,com.zoetis.zdms.model,NullableValue,35,0,2,0,7,0,6,0,5,0
zdms-jacoco-aggregated-reports/zdms,com.zoetis.zdms.model,QCustomer,18,126,0,4,4,23,2,6,2,4
zdms-jacoco-aggregated-reports/zdms,com.zoetis.zdms.model.dictionary.localized.customerstate,LocalizedCustomerStateId,18,0,0,0,4,0,4,0,4,0
zdms-jacoco-aggregated-reports/zdms,com.zoetis.zdms.model.dictionary.localized.customerstate,LocalizedCustomerState,130,0,22,0,5,0,22,0,11,0
zdms-jacoco-aggregated-reports/zdms,com.zoetis.zdms.model.dictionary.localized.customerstate,QLocalizedCustomerState,25,39,1,1,6,8,4,3,3,3
zdms-jacoco-aggregated-reports/zdms,com.zoetis.zdms.model.dictionary.localized.customerstate,QLocalizedCustomerStateId,18,39,0,0,2,7,1,3,1,3
zdms-jacoco-aggregated-reports/zdms,com.zoetis.zdms.model.dictionary.pageparameter.sort,SortDirection,0,37,0,0,0,4,0,3,0,3
zdms-jacoco-aggregated-reports/zdms,com.zoetis.zdms.model.dictionary.pageparameter.sort,SortBy.Customer,3,111,0,0,1,10,1,2,1,2
zdms-jacoco-aggregated-reports/zdms,com.zoetis.zdms.model.dictionary.pageparameter.sort,SortBy.Product,3,100,0,0,1,9,1,2,1,2
zdms-jacoco-aggregated-reports/zdms,com.zoetis.zdms.model.dictionary.pageparameter.sort,SortBy.Audit,3,67,0,0,1,6,1,2,1,2
zdms-jacoco-aggregated-reports/zdms,com.zoetis.zdms,Application,6,3,0,0,2,1,1,1,1,1
zdms-jacoco-aggregated-reports/zdms,com.zoetis.zdms.config,Log4jConfig,0,32,0,0,0,8,0,3,0,3
zdms-jacoco-aggregated-reports/zdms,com.zoetis.zdms.config,JasyptConfig,0,56,0,0,0,16,0,3,0,3
zdms-jacoco-aggregated-reports/zdms,com.zoetis.zdms.config,SecurityConfig,26,0,0,0,7,0,2,0,2,0
zdms-jacoco-aggregated-reports/zdms,com.zoetis.zdms.config,JacksonConfig,0,31,0,0,0,7,0,3,0,3
zdms-jacoco-aggregated-reports/zdms,com.zoetis.zdms.config,CacheConfig,0,3,0,0,0,1,0,1,0,1
zdms-jacoco-aggregated-reports/zdms,com.zoetis.zdms.config,DevCorsConfiguration,49,0,0,0,4,0,2,0,2,0
zdms-jacoco-aggregated-reports/zdms,com.zoetis.zdms.model.dictionary.localized.rejectionreason,QLocalizedRejectionReason,25,39,1,1,6,8,4,3,3,3
zdms-jacoco-aggregated-reports/zdms,com.zoetis.zdms.model.dictionary.localized.rejectionreason,LocalizedRejectionReason,130,0,22,0,5,0,22,0,11,0
zdms-jacoco-aggregated-reports/zdms,com.zoetis.zdms.model.dictionary.localized.rejectionreason,QLocalizedRejectionReasonId,18,39,0,0,2,7,1,3,1,3
zdms-jacoco-aggregated-reports/zdms,com.zoetis.zdms.model.dictionary.localized.rejectionreason,LocalizedRejectionReasonId,18,0,0,0,4,0,4,0,4,0
zdms-jacoco-aggregated-reports/zdms,com.zoetis.zdms.model.dictionary.localized.booleanvalue,LocalizedBooleanValueId,18,0,0,0,4,0,4,0,4,0
zdms-jacoco-aggregated-reports/zdms,com.zoetis.zdms.model.dictionary.localized.booleanvalue,LocalizedBooleanValue,130,0,22,0,5,0,22,0,11,0
zdms-jacoco-aggregated-reports/zdms,com.zoetis.zdms.model.dictionary.localized.booleanvalue,QLocalizedBooleanValue,25,39,1,1,6,8,4,3,3,3
zdms-jacoco-aggregated-reports/zdms,com.zoetis.zdms.model.dictionary.localized.booleanvalue,QLocalizedBooleanValueId,18,39,0,0,2,7,1,3,1,3
zdms-jacoco-aggregated-reports/zdms,com.zoetis.zdms.util,MultiReadHttpServletRequest.CachedServletInputStream,23,0,0,0,7,0,5,0,5,0
zdms-jacoco-aggregated-reports/zdms,com.zoetis.zdms.util,MultiReadHttpServletRequest,35,0,2,0,9,0,5,0,4,0
zdms-jacoco-aggregated-reports/zdms,com.zoetis.zdms.rest.factory,ResponseEntityFactory,13,0,2,0,2,0,3,0,2,0
zdms-jacoco-aggregated-reports/zdms,com.zoetis.zdms.filter,Log4jRestInvocationFilter,88,7,6,0,14,2,7,2,4,2
zdms-jacoco-aggregated-reports/zdms,com.zoetis.zdms.model.dictionary.localized.productavailability,QLocalizedProductAvailabilityId,18,39,0,0,2,7,1,3,1,3
zdms-jacoco-aggregated-reports/zdms,com.zoetis.zdms.model.dictionary.localized.productavailability,LocalizedProductAvailability,130,0,22,0,5,0,22,0,11,0
zdms-jacoco-aggregated-reports/zdms,com.zoetis.zdms.model.dictionary.localized.productavailability,QLocalizedProductAvailability,25,39,1,1,6,8,4,3,3,3
zdms-jacoco-aggregated-reports/zdms,com.zoetis.zdms.model.dictionary.localized.productavailability,LocalizedProductAvailabilityId,18,0,0,0,4,0,4,0,4,0
zdms-jacoco-aggregated-reports/zdms,com.zoetis.zdms.mapper,DictionariesMapperImpl,689,14,132,2,242,5,104,2,28,2
zdms-jacoco-aggregated-reports/zdms,com.zoetis.zdms.mapper,ProductMapper,35,14,0,0,3,2,1,1,1,1
zdms-jacoco-aggregated-reports/zdms,com.zoetis.zdms.mapper,AuditMapper,0,14,0,0,0,2,0,1,0,1
zdms-jacoco-aggregated-reports/zdms,com.zoetis.zdms.mapper,SourceSystemMapperImpl,16,14,3,1,6,5,3,2,1,2
zdms-jacoco-aggregated-reports/zdms,com.zoetis.zdms.mapper,SearchByMapperImpl,245,3,48,0,98,1,41,1,7,1
zdms-jacoco-aggregated-reports/zdms,com.zoetis.zdms.mapper,NullableMapperImpl,0,3,0,0,0,1,0,1,0,1
zdms-jacoco-aggregated-reports/zdms,com.zoetis.zdms.mapper,UserMapperImpl,4,36,2,2,2,11,2,3,0,3
zdms-jacoco-aggregated-reports/zdms,com.zoetis.zdms.mapper,SortDirectionMapperImpl,23,3,5,0,9,1,4,1,1,1
zdms-jacoco-aggregated-reports/zdms,com.zoetis.zdms.mapper,RejectionReasonMapperImpl,58,3,14,0,26,1,12,1,2,1
zdms-jacoco-aggregated-reports/zdms,com.zoetis.zdms.mapper,NullableMapper,43,0,10,0,3,0,8,0,3,0
zdms-jacoco-aggregated-reports/zdms,com.zoetis.zdms.mapper,DictionariesMapper,45,0,2,0,10,0,3,0,2,0
zdms-jacoco-aggregated-reports/zdms,com.zoetis.zdms.mapper,CustomerDetailsMapperImpl,328,3,59,0,117,1,44,1,12,1
zdms-jacoco-aggregated-reports/zdms,com.zoetis.zdms.mapper,ProductMapperImpl,332,186,85,22,101,57,62,11,8,9
zdms-jacoco-aggregated-reports/zdms,com.zoetis.zdms.mapper,LanguageMapperImpl,40,3,8,0,14,1,6,1,2,1
zdms-jacoco-aggregated-reports/zdms,com.zoetis.zdms.mapper,CustomerPartialMapperImpl,81,3,15,0,31,1,13,1,3,1
zdms-jacoco-aggregated-reports/zdms,com.zoetis.zdms.mapper,ProductPartialMapperImpl,59,3,2,0,11,1,2,1,1,1
zdms-jacoco-aggregated-reports/zdms,com.zoetis.zdms.mapper,CustomerMapper,0,14,0,0,0,2,0,1,0,1
zdms-jacoco-aggregated-reports/zdms,com.zoetis.zdms.mapper,CustomerMapperImpl,190,299,52,26,67,89,45,15,3,14
zdms-jacoco-aggregated-reports/zdms,com.zoetis.zdms.mapper,CustomerDetailsMapper,9,0,2,0,1,0,2,0,1,0
zdms-jacoco-aggregated-reports/zdms,com.zoetis.zdms.mapper,SortByMapperImpl,117,3,31,0,59,1,28,1,3,1
zdms-jacoco-aggregated-reports/zdms,com.zoetis.zdms.mapper,SourceSystemMapper,15,0,0,0,5,0,1,0,1,0
zdms-jacoco-aggregated-reports/zdms,com.zoetis.zdms.mapper,AuditMapperImpl,36,140,22,17,12,44,19,9,0,8
zdms-jacoco-aggregated-reports/zdms,com.zoetis.zdms.exception.handler,ExceptionHandlerAdvice,45,87,0,0,12,24,3,7,3,7
zdms-jacoco-aggregated-reports/zdms,com.zoetis.zdms.converter,BooleanValueToStringConverter,26,3,8,0,6,1,6,1,2,1
zdms-jacoco-aggregated-reports/zdms,com.zoetis.zdms.model.dictionary.localized.customerstatus,LocalizedCustomerStatusId,18,0,0,0,4,0,4,0,4,0
zdms-jacoco-aggregated-reports/zdms,com.zoetis.zdms.model.dictionary.localized.customerstatus,QLocalizedCustomerStatusId,18,39,0,0,2,7,1,3,1,3
zdms-jacoco-aggregated-reports/zdms,com.zoetis.zdms.model.dictionary.localized.customerstatus,QLocalizedCustomerStatus,25,39,1,1,6,8,4,3,3,3
zdms-jacoco-aggregated-reports/zdms,com.zoetis.zdms.model.dictionary.localized.customerstatus,LocalizedCustomerStatus,130,0,22,0,5,0,22,0,11,0
zdms-jacoco-aggregated-reports/zdms-rest-api,com.zoetis.zdms.api.rest,ProductApi,79,0,8,0,20,0,10,0,6,0
zdms-jacoco-aggregated-reports/zdms-rest-api,com.zoetis.zdms.api.rest,CustomerLookupApi,38,0,4,0,10,0,5,0,3,0
zdms-jacoco-aggregated-reports/zdms-rest-api,com.zoetis.zdms.api.rest,CustomerApi,79,0,8,0,20,0,10,0,6,0
zdms-jacoco-aggregated-reports/zdms-rest-api,com.zoetis.zdms.api.rest,UserApi,38,0,4,0,10,0,5,0,3,0
zdms-jacoco-aggregated-reports/zdms-rest-api,com.zoetis.zdms.api.rest,DictionaryApi,38,0,4,0,10,0,5,0,3,0
zdms-jacoco-aggregated-reports/zdms-rest-api,com.zoetis.zdms.api.rest,AuditApi,38,0,4,0,10,0,5,0,3,0
zdms-jacoco-aggregated-reports/zdms-rest-api,com.zoetis.zdms.api.rest,SourceSystemApi,38,0,4,0,10,0,5,0,3,0
zdms-jacoco-aggregated-reports/zdms-rest-api,com.zoetis.zdms.api.rest,ApiUtil,27,0,0,0,9,0,2,0,2,0
zdms-jacoco-aggregated-reports/zdms-rest-api,com.zoetis.zdms.api.dto,SortProductsByDto,136,0,4,0,18,0,7,0,5,0
zdms-jacoco-aggregated-reports/zdms-rest-api,com.zoetis.zdms.api.dto,LocalizedProductAvailabilityDto,121,0,12,0,28,0,17,0,11,0
zdms-jacoco-aggregated-reports/zdms-rest-api,com.zoetis.zdms.api.dto,SearchCustomersByFieldDto,147,0,4,0,19,0,7,0,5,0
zdms-jacoco-aggregated-reports/zdms-rest-api,com.zoetis.zdms.api.dto,SortDirectionDto,70,0,4,0,12,0,7,0,5,0
zdms-jacoco-aggregated-reports/zdms-rest-api,com.zoetis.zdms.api.dto,AuthenticatedUserResponseDto,73,10,8,0,17,4,9,3,5,3
zdms-jacoco-aggregated-reports/zdms-rest-api,com.zoetis.zdms.api.dto,AuditsRequestDto,249,0,20,0,58,0,31,0,21,0
zdms-jacoco-aggregated-reports/zdms-rest-api,com.zoetis.zdms.api.dto,CustomerDetailsDto,665,0,44,0,140,0,81,0,59,0
zdms-jacoco-aggregated-reports/zdms-rest-api,com.zoetis.zdms.api.dto,AuditDto,107,116,17,1,22,27,16,13,7,13
zdms-jacoco-aggregated-reports/zdms-rest-api,com.zoetis.zdms.api.dto,DictionariesResponseDto,417,0,36,0,98,0,51,0,33,0
zdms-jacoco-aggregated-reports/zdms-rest-api,com.zoetis.zdms.api.dto,SearchAuditsByFieldDto,103,0,4,0,15,0,7,0,5,0
zdms-jacoco-aggregated-reports/zdms-rest-api,com.zoetis.zdms.api.dto,ProductDetailsDto,529,0,36,0,112,0,65,0,47,0
zdms-jacoco-aggregated-reports/zdms-rest-api,com.zoetis.zdms.api.dto,ProductsRequestDto,283,0,22,0,65,0,35,0,24,0
zdms-jacoco-aggregated-reports/zdms-rest-api,com.zoetis.zdms.api.dto,CustomerNativeStatusDto,33,48,4,0,5,8,4,3,2,3
zdms-jacoco-aggregated-reports/zdms-rest-api,com.zoetis.zdms.api.dto,SortCustomersByDto,147,0,4,0,19,0,7,0,5,0
zdms-jacoco-aggregated-reports/zdms-rest-api,com.zoetis.zdms.api.dto,CustomersRequestDto,283,0,22,0,65,0,35,0,24,0
zdms-jacoco-aggregated-reports/zdms-rest-api,com.zoetis.zdms.api.dto,CustomerLookupDto,374,87,32,0,61,37,32,25,16,25
zdms-jacoco-aggregated-reports/zdms-rest-api,com.zoetis.zdms.api.dto,CustomerStateDto,33,37,4,0,5,7,4,3,2,3
zdms-jacoco-aggregated-reports/zdms-rest-api,com.zoetis.zdms.api.dto,LocalizedCustomerNativeStatusDto,121,0,12,0,28,0,17,0,11,0
zdms-jacoco-aggregated-reports/zdms-rest-api,com.zoetis.zdms.api.dto,LanguageDto,59,0,4,0,11,0,7,0,5,0
zdms-jacoco-aggregated-reports/zdms-rest-api,com.zoetis.zdms.api.dto,LocalizedRejectionReasonDto,121,0,12,0,28,0,17,0,11,0
zdms-jacoco-aggregated-reports/zdms-rest-api,com.zoetis.zdms.api.dto,ProductPartialRequestDto,83,0,8,0,21,0,12,0,8,0
zdms-jacoco-aggregated-reports/zdms-rest-api,com.zoetis.zdms.api.dto,CustomersResponseDto,119,20,14,0,25,8,14,5,7,5
zdms-jacoco-aggregated-reports/zdms-rest-api,com.zoetis.zdms.api.dto,AuditDataSetDto,29,41,4,0,4,8,3,4,1,4
zdms-jacoco-aggregated-reports/zdms-rest-api,com.zoetis.zdms.api.dto,PageInfoDto,131,24,14,0,25,10,14,7,7,7
zdms-jacoco-aggregated-reports/zdms-rest-api,com.zoetis.zdms.api.dto,CustomerPartialRequestDto,83,0,8,0,21,0,12,0,8,0
zdms-jacoco-aggregated-reports/zdms-rest-api,com.zoetis.zdms.api.dto,SourceSystemsResponseDto,101,0,10,0,26,0,14,0,9,0
zdms-jacoco-aggregated-reports/zdms-rest-api,com.zoetis.zdms.api.dto,NullableBooleanValueDto,9,57,1,3,3,9,3,4,2,3
zdms-jacoco-aggregated-reports/zdms-rest-api,com.zoetis.zdms.api.dto,LocalizedCustomerStateDto,121,0,12,0,28,0,17,0,11,0
zdms-jacoco-aggregated-reports/zdms-rest-api,com.zoetis.zdms.api.dto,LocalizedErrorCodeDto,121,0,12,0,28,0,17,0,11,0
zdms-jacoco-aggregated-reports/zdms-rest-api,com.zoetis.zdms.api.dto,ErrorDto,134,21,14,0,26,9,15,6,8,6
zdms-jacoco-aggregated-reports/zdms-rest-api,com.zoetis.zdms.api.dto,SearchByOperationDto,70,0,4,0,12,0,7,0,5,0
zdms-jacoco-aggregated-reports/zdms-rest-api,com.zoetis.zdms.api.dto,SearchCustomersByDto,173,0,16,0,40,0,23,0,15,0
zdms-jacoco-aggregated-reports/zdms-rest-api,com.zoetis.zdms.api.dto,UserDto,131,24,14,0,25,10,14,7,7,7
zdms-jacoco-aggregated-reports/zdms-rest-api,com.zoetis.zdms.api.dto,CustomerTypeDto,33,48,4,0,5,8,4,3,2,3
zdms-jacoco-aggregated-reports/zdms-rest-api,com.zoetis.zdms.api.dto,SearchAuditsByDto,173,0,16,0,40,0,23,0,15,0
zdms-jacoco-aggregated-reports/zdms-rest-api,com.zoetis.zdms.api.dto,AuditsResponseDto,119,20,14,0,25,8,14,5,7,5
zdms-jacoco-aggregated-reports/zdms-rest-api,com.zoetis.zdms.api.dto,CustomerDetailsResponseDto,83,0,8,0,21,0,12,0,8,0
zdms-jacoco-aggregated-reports/zdms-rest-api,com.zoetis.zdms.api.dto,ErrorCodeDto,13,101,1,3,3,13,3,4,2,3
zdms-jacoco-aggregated-reports/zdms-rest-api,com.zoetis.zdms.api.dto,ProductDetailsResponseDto,83,0,8,0,21,0,12,0,8,0
zdms-jacoco-aggregated-reports/zdms-rest-api,com.zoetis.zdms.api.dto,ProductDto,293,66,26,0,49,28,26,19,13,19
zdms-jacoco-aggregated-reports/zdms-rest-api,com.zoetis.zdms.api.dto,LocalizedBooleanValueDto,121,0,12,0,28,0,17,0,11,0
zdms-jacoco-aggregated-reports/zdms-rest-api,com.zoetis.zdms.api.dto,BooleanValueDto,33,37,4,0,5,7,4,3,2,3
zdms-jacoco-aggregated-reports/zdms-rest-api,com.zoetis.zdms.api.dto,SearchProductsByFieldDto,136,0,4,0,18,0,7,0,5,0
zdms-jacoco-aggregated-reports/zdms-rest-api,com.zoetis.zdms.api.dto,CustomerDto,320,73,28,0,53,31,28,21,14,21
zdms-jacoco-aggregated-reports/zdms-rest-api,com.zoetis.zdms.api.dto,ProductAvailabilityDto,33,70,4,0,5,10,4,3,2,3
zdms-jacoco-aggregated-reports/zdms-rest-api,com.zoetis.zdms.api.dto,NullableProductAvailabilityDto,9,90,1,3,3,12,3,4,2,3
zdms-jacoco-aggregated-reports/zdms-rest-api,com.zoetis.zdms.api.dto,CustomerContactDetailsDto,131,24,14,0,25,10,14,7,7,7
zdms-jacoco-aggregated-reports/zdms-rest-api,com.zoetis.zdms.api.dto,CustomerLookupResponseDto,73,10,8,0,17,4,9,3,5,3
zdms-jacoco-aggregated-reports/zdms-rest-api,com.zoetis.zdms.api.dto,ProductsResponseDto,119,20,14,0,25,8,14,5,7,5
zdms-jacoco-aggregated-reports/zdms-rest-api,com.zoetis.zdms.api.dto,ProductPartialDto,299,61,38,0,51,30,35,12,16,12
zdms-jacoco-aggregated-reports/zdms-rest-api,com.zoetis.zdms.api.dto,SearchProductsByDto,173,0,16,0,40,0,23,0,15,0
zdms-jacoco-aggregated-reports/zdms-rest-api,com.zoetis.zdms.api.dto,SortAuditsByDto,103,0,4,0,15,0,7,0,5,0
zdms-jacoco-aggregated-reports/zdms-rest-api,com.zoetis.zdms.api.dto,CustomerPartialDto,155,0,14,0,35,0,21,0,14,0
zdms-jacoco-aggregated-reports/zdms-rest-api,com.zoetis.zdms.api.dto,SourceSystemDto,73,10,8,0,17,4,9,3,5,3
zdms-jacoco-aggregated-reports/zdms-rest-api,com.zoetis.zdms.api.dto,LocalizedCustomerTypeDto,121,0,12,0,28,0,17,0,11,0
zdms-jacoco-aggregated-reports/zdms-rest-api,com.zoetis.zdms.api.dto,RejectionReasonDto,15,77,2,2,3,11,4,3,2,3
